ts	phase	decision	why	evidence	result
2026-10-09T15:00:00Z	frame	Treat the task as five design notes plus an index, with no panel code	The request is a design task and names docs/proposals as the deliverable	User request, poteto-mode figure-it-out done predicate	Scope locked to markdown, TSV, and mockup images
2026-10-09T15:05:00Z	frame	Skip an arena of extra models for competing implementations	The required comparison is 2 or 3 options inside each note, not parallel code sketches	principle exhaust-the-design-space	Options live in the notes
2026-10-09T15:20:00Z	sources	Cite only downloads this VM completed, and record INEP and MEC as failed	A catalog page is not a file	Thesis PDF 200 5614012 bytes; VAAT CSV 200 385776 bytes; Audesp zip 200 480158 bytes; SIOPE 4.14 15257.01; download.inep.gov.br SSL_ERROR_SYSCALL; MEC HTML challenge	Source table in the index
2026-10-09T15:30:00Z	recommend	One Briefing feeds letters, WhatsApp, and citation; keep CAQM totals out of the letter	A letter is a request grounded in a published figure; a simulation is a different object	templates.ts cityFacts; citation(); GOV-03 closed on main but stage and VAAT still absent	Note 1 option B
2026-10-09T15:32:00Z	recommend	Topic alias beats prefix, substring, and fuzzy; exact city name still wins	fila is a prefix of Filadelfia, not a fuzzy miss; bom conselho is a real city	search.ts run on cities.json	Note 2 option B
2026-10-09T15:34:00Z	recommend	Same-name cities put UF in the label and Enter does not pick the largest	240 duplicate names; Enter uses order[0]	search recipe Santo Andre gotcha	Note 2
2026-10-09T15:36:00Z	recommend	Creche and EJA map layers use a quintile sidecar; do not load etapas.json; do not add a second VAAT map	etapas.json is about 13.2 MB; FundebMap already exists on PR 4	mapa/model.ts Ind; PR 4 FundebMap; citizen QA download size	Note 3 option B
2026-10-09T15:38:00Z	recommend	Neutral caption and quoteSentence; do not copy Maiores deficits for per-pupil sorts	A higher real per pupil is not a quality ranking	DeficitPanel title; explorer gravity tooltip on PR 6	Note 3
2026-10-09T15:40:00Z	recommend	New CSV column from Audesp committed education spending, not the thesis figure 42 series	2016 is 25.88 percent in the file and 21.87 in thesis.ts; 2019 matches	Audesp CSV 6440 rows; capital absent; thesis.ts	Note 4 option B
2026-10-09T15:42:00Z	recommend	Keep CAQM mix 18/16/61/5 until the INEP zip unpacks	The zip URL is listed and the bytes were not downloaded; mdeV/perAluno is still SIOPE	INEP catalog 200; download failed	Note 4 option E
2026-10-09T15:44:00Z	recommend	Queue count in localStorage and the query string; no backend	No national file downloaded; panel user state is already localStorage	THESIS_CRECHE_QUEUE 7116; MEC challenge HTML; watchlist key	Note 5 option B
2026-10-09T15:46:00Z	sequence	Search, citation type, and TCE fetch can run in parallel; CSV column waits until PRs 4 and 6 both stop editing csv.ts; letters wait on PR 7; census blocks nothing else	merge-tree was clean and the shared files are csv, templates, page header	PR heads e21b836, 69e5882, 6177d2c, cbb3ce8 against main 349231d	Index sequence
2026-10-09T15:50:00Z	sources	Fundeb year in the VAAT copy is 2025 because the CSV title says so	A 2026 portaria date is not the exercise year	Title row: Demonstrativo da Distribuicao da Complementacao da Uniao-VAAT ao Fundeb no Ano de 2025	Notes say Fundeb 2025
2026-10-09T15:51:00Z	sources	WhatsApp example uses SIOPE 25.99 for Santo Andre SP 2023, not the thesis 25.92	25.92 is thesis and Audesp 2019; cities.json 2023 mde is 25.99 and 2019 mde is 25.35	web/src/data/cities.json id 3547809	Note 1 copy corrected
2026-10-09T15:52:00Z	sources	Record the Audesp Santo Andre fractions used in note 4	The trail must hold the figures the note cites	2016 0.25875, 2017 0.25827, 2018 0.26378, 2019 0.25923; professionals 2016 0.80623; file latin-1; zip last-modified 1 Oct 2026	Note 4 keeps those percents
2026-10-09T16:10:00Z	recommend	Drop the locally typed creche waiting list	A hand-typed count has no official source and conflicts with showing only sourced public data	Bruno rejected proposal 5; Ficha do Conselho already asks the question and says the sheet does not bring the number	Remove 05-creche-queue.md and the fila mockup; keep the council question
